"","weir","Trap_Year","Species","Moved To Facility","Biological Sampling","Brood Stock","Distribution","Fisheries","General Holding","Natural Spawning","Nutrient Enhancement","Other","Recycled","Stray Relocation","Stray Removal","Stray Removal Distribution","Unknown","Within FINS Facility","Trap Mort","DOA","Killed","total_morts"
"1","Bradford Weir (Lolo Creek)",2002,"Chinook","NPTH M&E Program",NA,NA,NA,NA,NA,112,NA,NA,NA,NA,NA,NA,NA,NA,NA,NA,NA,NA
"2","Camp Creek Weir",2018,"Rainbow Trout","NPT ISAM Program",NA,NA,NA,NA,NA,NA,NA,3,NA,NA,NA,NA,NA,NA,NA,NA,NA,NA
"3","Camp Creek Weir",2018,"Steelhead","NPT ISAM Program",NA,NA,NA,NA,NA,1,NA,NA,NA,NA,NA,NA,NA,NA,NA,NA,NA,NA
"4","Dry Creek Weir",2014,"Steelhead","NPT ISAM Program",NA,NA,NA,NA,NA,12,NA,NA,NA,NA,NA,NA,NA,NA,NA,NA,NA,NA
"5","Dry Creek Weir",2015,"Steelhead","NPT ISAM Program",NA,NA,NA,NA,NA,4,NA,NA,NA,NA,NA,NA,NA,NA,NA,NA,NA,NA
"6","Freezeout Creek Weir",2014,"Rainbow Trout","NPT ISAM Program",NA,NA,NA,NA,NA,5,NA,NA,NA,NA,NA,NA,NA,NA,NA,NA,NA,NA
"7","Freezeout Creek Weir",2014,"Steelhead","NPT ISAM Program",NA,NA,NA,NA,NA,64,4,NA,NA,NA,NA,NA,NA,NA,0,4,0,4
"8","Freezeout Creek Weir",2015,"Rainbow Trout","NPT ISAM Program",NA,NA,NA,NA,NA,6,3,NA,NA,NA,NA,NA,NA,NA,2,1,0,3
"9","Freezeout Creek Weir",2015,"Steelhead","NPT ISAM Program",NA,NA,NA,NA,NA,98,2,NA,NA,NA,NA,NA,NA,NA,0,2,0,2
"10","Freezeout Creek Weir",2016,"Rainbow Trout","NPT ISAM Program",NA,NA,NA,NA,NA,1,NA,NA,NA,NA,NA,NA,NA,NA,NA,NA,NA,NA
"11","Freezeout Creek Weir",2016,"Steelhead","NPT ISAM Program",NA,NA,NA,NA,NA,43,8,NA,NA,NA,NA,NA,NA,NA,1,7,0,8
"12","Freezeout Creek Weir",2017,"Rainbow Trout","NPT ISAM Program",NA,NA,NA,NA,NA,1,NA,NA,NA,NA,NA,NA,NA,NA,NA,NA,NA,NA
"13","Gumboot Creek Weir",2014,"Steelhead","NPT ISAM Program",NA,NA,NA,NA,NA,60,6,NA,NA,NA,NA,NA,NA,NA,1,5,0,6
"14","Gumboot Creek Weir",2015,"Rainbow Trout","NPT ISAM Program",NA,NA,NA,NA,NA,1,NA,NA,NA,NA,NA,NA,NA,NA,NA,NA,NA,NA
"15","Gumboot Creek Weir",2015,"Steelhead","NPT ISAM Program",NA,NA,NA,NA,NA,52,2,NA,NA,NA,NA,NA,NA,NA,0,2,0,2
"16","Gumboot Creek Weir",2016,"Rainbow Trout","NPT ISAM Program",NA,NA,NA,NA,NA,NA,NA,3,NA,NA,NA,NA,NA,NA,NA,NA,NA,NA
"17","Gumboot Creek Weir",2016,"Steelhead","NPT ISAM Program",NA,NA,NA,NA,NA,24,1,NA,NA,NA,NA,NA,NA,NA,0,1,0,1
"18","Gumboot Creek Weir",2017,"Steelhead","NPT ISAM Program",NA,NA,NA,NA,NA,3,1,NA,NA,NA,NA,NA,NA,NA,0,1,0,1
"19","Imnaha River Weir",2015,"Steelhead","NPT ISAM Program",NA,NA,NA,NA,NA,3,5,NA,NA,NA,NA,NA,NA,NA,0,5,0,5
"20","Imnaha River Weir",2016,"Steelhead","NPT ISAM Program",NA,NA,NA,NA,NA,2,NA,NA,NA,NA,NA,NA,NA,NA,NA,NA,NA,NA
"21","Johnson Creek Weir",1998,"Chinook","McCall Fish Hatchery",NA,54,NA,NA,NA,NA,NA,NA,NA,NA,NA,NA,NA,NA,NA,NA,NA,NA
"22","Johnson Creek Weir",1998,"Chinook","NPT JCAPE Program",NA,NA,NA,NA,NA,60,NA,NA,NA,NA,NA,NA,NA,NA,NA,NA,NA,NA
"23","Johnson Creek Weir",1998,"Mtn White Fish","NPT JCAPE Program",NA,NA,NA,NA,NA,11,2,NA,NA,NA,NA,NA,NA,NA,2,0,0,2
"24","Johnson Creek Weir",2000,"Bull Trout","NPT JCAPE Program",NA,NA,NA,NA,NA,17,NA,NA,NA,NA,NA,NA,NA,NA,NA,NA,NA,NA
"25","Johnson Creek Weir",2000,"Chinook","McCall Fish Hatchery",NA,73,NA,NA,NA,NA,NA,NA,NA,NA,NA,NA,NA,NA,NA,NA,NA,NA
"26","Johnson Creek Weir",2000,"Chinook","NPT JCAPE Program",NA,NA,NA,NA,NA,78,1,NA,NA,NA,NA,NA,NA,NA,1,0,0,1
"27","Johnson Creek Weir",2000,"Mtn White Fish","NPT JCAPE Program",NA,NA,NA,NA,NA,11,NA,NA,NA,NA,NA,NA,NA,NA,NA,NA,NA,NA
"28","Johnson Creek Weir",2001,"Bull Trout","NPT JCAPE Program",NA,NA,NA,NA,NA,47,NA,NA,NA,NA,NA,NA,NA,NA,NA,NA,NA,NA
"29","Johnson Creek Weir",2001,"Chinook","McCall Fish Hatchery",NA,149,NA,NA,NA,NA,NA,NA,NA,NA,NA,NA,NA,19,NA,NA,NA,NA
"30","Johnson Creek Weir",2001,"Chinook","NPT JCAPE Program",NA,NA,NA,NA,NA,1335,7,NA,NA,NA,10,NA,NA,NA,7,0,10,17
"31","Johnson Creek Weir",2001,"Mtn White Fish","NPT JCAPE Program",NA,NA,NA,NA,NA,18,1,NA,NA,NA,NA,NA,NA,NA,0,1,0,1
"32","Johnson Creek Weir",2001,"Steelhead","NPT JCAPE Program",NA,NA,NA,NA,NA,4,7,NA,NA,NA,NA,NA,NA,NA,0,7,0,7
"33","Johnson Creek Weir",2002,"Bull Trout","NPT JCAPE Program",NA,NA,NA,NA,NA,25,NA,NA,NA,NA,NA,NA,NA,NA,NA,NA,NA,NA
"34","Johnson Creek Weir",2002,"Chinook","McCall Fish Hatchery",NA,97,NA,NA,NA,NA,NA,NA,NA,NA,NA,NA,NA,NA,NA,NA,NA,NA
"35","Johnson Creek Weir",2002,"Chinook","NPT JCAPE Program",NA,NA,NA,NA,NA,1085,9,NA,NA,NA,1,NA,NA,NA,9,0,1,10
"36","Johnson Creek Weir",2002,"Cutthroat","NPT JCAPE Program",NA,NA,NA,NA,NA,1,NA,NA,NA,NA,NA,NA,NA,NA,NA,NA,NA,NA
"37","Johnson Creek Weir",2002,"Mtn White Fish","NPT JCAPE Program",NA,NA,NA,NA,NA,9,NA,NA,NA,NA,NA,NA,NA,NA,NA,NA,NA,NA
"38","Johnson Creek Weir",2002,"Steelhead","NPT JCAPE Program",NA,NA,NA,NA,NA,2,2,NA,NA,NA,NA,NA,NA,NA,0,2,0,2
"39","Johnson Creek Weir",2003,"Bull Trout","NPT JCAPE Program",NA,NA,NA,NA,NA,27,NA,NA,NA,NA,NA,NA,NA,NA,NA,NA,NA,NA
"40","Johnson Creek Weir",2003,"Chinook","McCall Fish Hatchery",NA,79,NA,NA,NA,NA,NA,NA,NA,NA,NA,NA,NA,NA,NA,NA,NA,NA
"41","Johnson Creek Weir",2003,"Chinook","NPT JCAPE Program",NA,NA,NA,NA,NA,693,1,NA,NA,NA,12,NA,NA,NA,1,0,12,13
"42","Johnson Creek Weir",2003,"Cutthroat","NPT JCAPE Program",NA,NA,NA,NA,NA,NA,1,NA,NA,NA,NA,NA,NA,NA,1,0,0,1
"43","Johnson Creek Weir",2003,"Mtn White Fish","NPT JCAPE Program",NA,NA,NA,NA,NA,6,1,NA,NA,NA,NA,NA,NA,NA,1,0,0,1
"44","Johnson Creek Weir",2003,"Steelhead","NPT JCAPE Program",NA,NA,NA,NA,NA,1,1,NA,NA,NA,NA,NA,NA,NA,0,1,0,1
"45","Johnson Creek Weir",2004,"Bull Trout","NPT JCAPE Program",NA,NA,NA,NA,NA,34,1,NA,NA,NA,NA,NA,NA,NA,1,0,0,1
"46","Johnson Creek Weir",2004,"Chinook","McCall Fish Hatchery",NA,57,NA,NA,NA,NA,NA,NA,NA,NA,NA,NA,NA,NA,NA,NA,NA,NA
"47","Johnson Creek Weir",2004,"Chinook","NPT JCAPE Program",NA,NA,NA,NA,NA,325,1,NA,NA,NA,16,1,NA,NA,1,0,17,18
"48","Johnson Creek Weir",2004,"Mtn White Fish","NPT JCAPE Program",NA,NA,NA,NA,NA,50,1,NA,NA,NA,NA,NA,NA,NA,1,0,0,1
"49","Johnson Creek Weir",2004,"Steelhead","NPT JCAPE Program",NA,NA,NA,NA,NA,1,NA,NA,NA,NA,NA,NA,NA,NA,NA,NA,NA,NA
"50","Johnson Creek Weir",2005,"Bull Trout","NPT JCAPE Program",NA,NA,NA,NA,NA,8,NA,NA,NA,NA,NA,NA,NA,NA,NA,NA,NA,NA
"51","Johnson Creek Weir",2005,"Chinook","McCall Fish Hatchery",NA,75,NA,NA,NA,NA,NA,NA,NA,NA,NA,NA,NA,NA,NA,NA,NA,NA
"52","Johnson Creek Weir",2005,"Chinook","NPT JCAPE Program",NA,NA,NA,NA,NA,126,NA,NA,NA,NA,3,NA,NA,NA,0,0,3,3
"53","Johnson Creek Weir",2005,"Mtn White Fish","NPT JCAPE Program",NA,NA,NA,NA,NA,12,NA,NA,NA,NA,NA,NA,NA,NA,NA,NA,NA,NA
"54","Johnson Creek Weir",2005,"Steelhead","NPT JCAPE Program",NA,NA,NA,NA,NA,2,NA,NA,NA,NA,NA,NA,NA,NA,NA,NA,NA,NA
"55","Johnson Creek Weir",2006,"Bull Trout","NPT JCAPE Program",NA,NA,NA,NA,NA,14,NA,NA,NA,NA,NA,NA,NA,NA,NA,NA,NA,NA
"56","Johnson Creek Weir",2006,"Chinook","McCall Fish Hatchery",NA,60,NA,NA,NA,NA,NA,NA,NA,NA,NA,NA,NA,NA,NA,NA,NA,NA
"57","Johnson Creek Weir",2006,"Chinook","NPT JCAPE Program",NA,NA,NA,NA,NA,140,1,NA,NA,NA,10,2,NA,NA,1,0,12,13
"58","Johnson Creek Weir",2006,"Cutthroat","NPT JCAPE Program",NA,NA,NA,NA,NA,1,NA,NA,NA,NA,NA,NA,NA,NA,NA,NA,NA,NA
"59","Johnson Creek Weir",2006,"Mtn White Fish","NPT JCAPE Program",NA,NA,NA,NA,NA,33,NA,NA,NA,NA,NA,NA,NA,NA,NA,NA,NA,NA
"60","Johnson Creek Weir",2006,"Steelhead","NPT JCAPE Program",NA,NA,NA,NA,NA,NA,1,NA,NA,NA,NA,NA,NA,NA,1,0,0,1
"61","Johnson Creek Weir",2007,"Bull Trout","NPT JCAPE Program",NA,NA,NA,NA,NA,8,NA,NA,NA,NA,NA,NA,NA,NA,NA,NA,NA,NA
"62","Johnson Creek Weir",2007,"Chinook","McCall Fish Hatchery",NA,52,NA,NA,NA,NA,NA,NA,NA,NA,NA,NA,NA,NA,NA,NA,NA,NA
"63","Johnson Creek Weir",2007,"Chinook","NPT JCAPE Program",NA,NA,NA,NA,NA,331,NA,NA,NA,NA,12,NA,NA,NA,0,0,12,12
"64","Johnson Creek Weir",2007,"Mtn White Fish","NPT JCAPE Program",NA,NA,NA,NA,NA,46,NA,NA,NA,NA,NA,NA,NA,NA,NA,NA,NA,NA
"65","Johnson Creek Weir",2008,"Chinook","McCall Fish Hatchery",NA,77,NA,NA,NA,NA,NA,NA,NA,NA,NA,NA,NA,NA,NA,NA,NA,NA
"66","Johnson Creek Weir",2008,"Chinook","NPT JCAPE Program",NA,NA,50,NA,NA,619,1,NA,NA,NA,6,15,NA,NA,1,0,71,72
"67","Johnson Creek Weir",2008,"Cutthroat","NPT JCAPE Program",NA,NA,NA,NA,NA,1,NA,NA,NA,NA,NA,NA,NA,NA,NA,NA,NA,NA
"68","Johnson Creek Weir",2008,"Mtn White Fish","NPT JCAPE Program",NA,NA,NA,NA,NA,73,NA,NA,NA,NA,NA,NA,NA,NA,NA,NA,NA,NA
"69","Johnson Creek Weir",2009,"Bull Trout","NPT JCAPE Program",NA,NA,NA,NA,NA,21,NA,NA,NA,NA,NA,NA,NA,NA,NA,NA,NA,NA
"70","Johnson Creek Weir",2009,"Chinook","McCall Fish Hatchery",NA,68,NA,NA,NA,NA,NA,NA,NA,NA,NA,NA,NA,NA,NA,NA,NA,NA
"71","Johnson Creek Weir",2009,"Chinook","NPT JCAPE Program",NA,NA,NA,NA,NA,822,5,NA,NA,NA,16,11,NA,NA,5,0,27,32
"72","Johnson Creek Weir",2009,"Cutthroat","NPT JCAPE Program",NA,NA,NA,NA,NA,1,NA,NA,NA,NA,NA,NA,NA,NA,NA,NA,NA,NA
"73","Johnson Creek Weir",2009,"Mtn White Fish","NPT JCAPE Program",NA,NA,NA,NA,NA,33,NA,NA,NA,NA,NA,NA,NA,NA,NA,NA,NA,NA
"74","Johnson Creek Weir",2009,"Steelhead","NPT JCAPE Program",NA,NA,NA,NA,NA,3,NA,NA,NA,NA,NA,NA,NA,NA,NA,NA,NA,NA
"75","Johnson Creek Weir",2010,"Bull Trout","NPT JCAPE Program",NA,NA,NA,NA,NA,10,NA,NA,NA,NA,NA,NA,NA,NA,NA,NA,NA,NA
"76","Johnson Creek Weir",2010,"Chinook","McCall Fish Hatchery",NA,70,NA,NA,NA,NA,NA,NA,NA,NA,NA,NA,NA,NA,NA,NA,NA,NA
"77","Johnson Creek Weir",2010,"Chinook","NPT JCAPE Program",NA,NA,NA,NA,NA,963,NA,NA,NA,NA,24,12,NA,NA,0,0,36,36
"78","Johnson Creek Weir",2010,"Cutthroat","NPT JCAPE Program",NA,NA,NA,NA,NA,1,NA,NA,NA,NA,NA,NA,NA,NA,NA,NA,NA,NA
"79","Johnson Creek Weir",2010,"Mtn White Fish","NPT JCAPE Program",NA,NA,NA,NA,NA,22,NA,NA,NA,NA,NA,NA,NA,NA,NA,NA,NA,NA
"80","Johnson Creek Weir",2010,"Steelhead","NPT JCAPE Program",NA,NA,NA,NA,NA,NA,2,NA,NA,NA,NA,NA,NA,NA,0,2,0,2
"81","Johnson Creek Weir",2011,"Bull Trout","NPT JCAPE Program",NA,NA,NA,NA,NA,20,NA,NA,NA,NA,NA,NA,NA,NA,NA,NA,NA,NA
"82","Johnson Creek Weir",2011,"Chinook","McCall Fish Hatchery",NA,66,NA,NA,NA,NA,NA,NA,NA,NA,NA,NA,NA,NA,NA,NA,NA,NA
"83","Johnson Creek Weir",2011,"Chinook","NPT JCAPE Program",NA,NA,NA,NA,NA,721,1,NA,NA,NA,73,85,NA,NA,1,0,158,159
"84","Johnson Creek Weir",2011,"Cutthroat","NPT JCAPE Program",NA,NA,NA,NA,NA,2,NA,NA,NA,NA,NA,NA,NA,NA,NA,NA,NA,NA
"85","Johnson Creek Weir",2011,"Mtn White Fish","NPT JCAPE Program",NA,NA,NA,NA,NA,32,NA,NA,NA,NA,NA,NA,NA,NA,NA,NA,NA,NA
"86","Johnson Creek Weir",2012,"Bull Trout","NPT JCAPE Program",NA,NA,NA,NA,NA,20,NA,NA,NA,NA,NA,NA,NA,NA,NA,NA,NA,NA
"87","Johnson Creek Weir",2012,"Chinook","McCall Fish Hatchery",NA,72,NA,NA,NA,NA,NA,NA,NA,NA,NA,NA,NA,NA,NA,NA,NA,NA
"88","Johnson Creek Weir",2012,"Chinook","NPT JCAPE Program",NA,NA,NA,NA,NA,649,1,NA,NA,NA,3,10,NA,NA,1,0,13,14
"89","Johnson Creek Weir",2012,"Mtn White Fish","NPT JCAPE Program",NA,NA,NA,NA,NA,12,NA,NA,NA,NA,NA,NA,NA,NA,NA,NA,NA,NA
"90","Johnson Creek Weir",2012,"Steelhead","NPT JCAPE Program",NA,NA,NA,NA,NA,NA,1,NA,NA,NA,NA,NA,NA,NA,0,1,0,1
"91","Johnson Creek Weir",2013,"Bull Trout","NPT JCAPE Program",NA,NA,NA,NA,NA,38,NA,NA,NA,NA,NA,NA,NA,NA,NA,NA,NA,NA
"92","Johnson Creek Weir",2013,"Chinook","McCall Fish Hatchery",NA,77,NA,NA,NA,NA,NA,NA,NA,NA,NA,NA,NA,NA,NA,NA,NA,NA
"93","Johnson Creek Weir",2013,"Chinook","NPT JCAPE Program",NA,NA,NA,NA,NA,910,1,NA,NA,1,8,6,NA,NA,1,0,14,15
"94","Johnson Creek Weir",2013,"Mtn White Fish","NPT JCAPE Program",NA,NA,NA,NA,NA,17,NA,NA,NA,NA,NA,NA,NA,NA,NA,NA,NA,NA
"95","Johnson Creek Weir",2013,"Steelhead","NPT JCAPE Program",NA,NA,NA,NA,NA,2,2,NA,NA,NA,NA,NA,NA,NA,0,2,0,2
"96","Johnson Creek Weir",2014,"Bull Trout","NPT JCAPE Program",NA,NA,NA,NA,NA,63,NA,NA,NA,NA,NA,NA,NA,NA,NA,NA,NA,NA
"97","Johnson Creek Weir",2014,"Chinook","NPT JCAPE Program",NA,36,NA,NA,NA,1505,1,NA,NA,NA,15,NA,NA,NA,1,0,15,16
"98","Johnson Creek Weir",2014,"Chinook","Rapid River Fish Hatchery",NA,NA,NA,NA,NA,NA,NA,NA,NA,NA,NA,NA,NA,58,NA,NA,NA,NA
"99","Johnson Creek Weir",2014,"Mtn White Fish","NPT JCAPE Program",NA,NA,NA,NA,NA,27,NA,NA,NA,NA,NA,NA,NA,NA,NA,NA,NA,NA
"100","Johnson Creek Weir",2014,"Rainbow Trout","NPT JCAPE Program",NA,NA,NA,NA,NA,1,NA,NA,NA,NA,NA,NA,NA,NA,NA,NA,NA,NA
"101","Johnson Creek Weir",2015,"Bull Trout","NPT JCAPE Program",NA,NA,NA,NA,NA,42,NA,NA,NA,NA,NA,NA,NA,NA,NA,NA,NA,NA
"102","Johnson Creek Weir",2015,"Chinook","McCall Fish Hatchery",NA,NA,NA,NA,NA,NA,NA,NA,NA,NA,NA,NA,NA,58,NA,NA,NA,NA
"103","Johnson Creek Weir",2015,"Chinook","NPT JCAPE Program",NA,NA,NA,NA,NA,896,NA,NA,NA,NA,25,NA,NA,NA,0,0,25,25
"104","Johnson Creek Weir",2015,"Chinook","Rapid River Fish Hatchery",NA,NA,NA,NA,NA,NA,NA,NA,NA,NA,NA,NA,NA,14,NA,NA,NA,NA
"105","Johnson Creek Weir",2015,"Cutthroat","NPT JCAPE Program",NA,NA,NA,NA,NA,1,NA,NA,NA,NA,NA,NA,NA,NA,NA,NA,NA,NA
"106","Johnson Creek Weir",2015,"Mtn White Fish","NPT JCAPE Program",NA,NA,NA,NA,NA,49,NA,NA,NA,NA,NA,NA,NA,NA,NA,NA,NA,NA
"107","Johnson Creek Weir",2015,"Steelhead","NPT JCAPE Program",NA,NA,NA,NA,NA,NA,14,NA,NA,NA,NA,NA,NA,NA,0,14,0,14
"108","Johnson Creek Weir",2016,"Bull Trout","NPT JCAPE Program",NA,NA,NA,NA,NA,23,NA,NA,NA,NA,NA,NA,NA,NA,NA,NA,NA,NA
"109","Johnson Creek Weir",2016,"Chinook","NPT JCAPE Program",NA,67,NA,NA,NA,625,NA,NA,NA,NA,10,NA,NA,NA,0,0,10,10
"110","Johnson Creek Weir",2016,"Cutthroat","NPT JCAPE Program",NA,NA,NA,NA,NA,4,NA,NA,NA,NA,NA,NA,NA,NA,NA,NA,NA,NA
"111","Johnson Creek Weir",2016,"Mtn White Fish","NPT JCAPE Program",NA,NA,NA,NA,NA,25,NA,NA,NA,NA,NA,NA,NA,NA,NA,NA,NA,NA
"112","Johnson Creek Weir",2017,"Bull Trout","NPT JCAPE Program",NA,NA,NA,NA,NA,25,NA,NA,NA,NA,NA,NA,NA,NA,NA,NA,NA,NA
"113","Johnson Creek Weir",2017,"Chinook","NPT JCAPE Program",NA,61,NA,NA,NA,354,NA,NA,NA,NA,13,NA,NA,NA,0,0,13,13
"114","Johnson Creek Weir",2017,"Cutthroat","NPT JCAPE Program",NA,NA,NA,NA,NA,1,NA,NA,NA,NA,NA,NA,NA,NA,NA,NA,NA,NA
"115","Johnson Creek Weir",2017,"Mtn White Fish","NPT JCAPE Program",NA,NA,NA,NA,NA,36,NA,NA,NA,NA,NA,NA,NA,NA,NA,NA,NA,NA
"116","Joseph Creek Weir",2011,"Bridge Lip Sucker","NPT JCEM Program",NA,NA,NA,NA,NA,1255,10,NA,NA,NA,NA,NA,NA,NA,10,0,0,10
"117","Joseph Creek Weir",2011,"Chisel Mouth","NPT JCEM Program",NA,NA,NA,NA,NA,195,NA,NA,NA,NA,NA,NA,NA,NA,NA,NA,NA,NA
"118","Joseph Creek Weir",2011,"Largescale Sucker","NPT JCEM Program",NA,NA,NA,NA,NA,433,NA,NA,NA,NA,NA,NA,NA,NA,NA,NA,NA,NA
"119","Joseph Creek Weir",2011,"Northern Pike Minnow","NPT JCEM Program",NA,NA,NA,NA,NA,380,NA,NA,NA,NA,NA,NA,NA,NA,NA,NA,NA,NA
"120","Joseph Creek Weir",2011,"Peamouth","NPT JCEM Program",NA,NA,NA,NA,NA,12,NA,NA,NA,NA,NA,NA,NA,NA,NA,NA,NA,NA
"121","Joseph Creek Weir",2011,"Rainbow Trout","NPT JCEM Program",NA,NA,NA,NA,NA,1,NA,NA,NA,NA,NA,NA,NA,NA,NA,NA,NA,NA
"122","Joseph Creek Weir",2011,"Smallmouth Bass","NPT JCEM Program",NA,NA,NA,NA,NA,83,NA,NA,NA,NA,NA,NA,NA,NA,NA,NA,NA,NA
"123","Joseph Creek Weir",2011,"Steelhead","NPT JCEM Program",2,NA,NA,NA,NA,300,57,NA,NA,NA,NA,NA,NA,NA,3,54,2,59
"124","Joseph Creek Weir",2012,"Bridge Lip Sucker","NPT JCEM Program",NA,NA,NA,NA,NA,4336,195,NA,NA,NA,NA,NA,NA,NA,12,183,0,195
"125","Joseph Creek Weir",2012,"Bull Trout","NPT JCEM Program",NA,NA,NA,NA,NA,1,NA,NA,NA,NA,NA,NA,NA,NA,NA,NA,NA,NA
"126","Joseph Creek Weir",2012,"Chinook","NPT JCEM Program",NA,NA,NA,NA,NA,1,NA,NA,NA,NA,NA,NA,NA,NA,NA,NA,NA,NA
"127","Joseph Creek Weir",2012,"Chisel Mouth","NPT JCEM Program",NA,NA,NA,NA,NA,1139,NA,NA,NA,NA,NA,NA,NA,NA,NA,NA,NA,NA
"128","Joseph Creek Weir",2012,"Largescale Sucker","NPT JCEM Program",NA,NA,NA,NA,NA,5051,187,NA,NA,NA,NA,NA,NA,NA,0,187,0,187
"129","Joseph Creek Weir",2012,"Mtn White Fish","NPT JCEM Program",NA,NA,NA,NA,NA,5,NA,NA,NA,NA,NA,NA,NA,NA,NA,NA,NA,NA
"130","Joseph Creek Weir",2012,"Northern Pike Minnow","NPT JCEM Program",NA,NA,NA,NA,NA,730,NA,NA,NA,NA,NA,NA,NA,NA,NA,NA,NA,NA
"131","Joseph Creek Weir",2012,"Peamouth","NPT JCEM Program",NA,NA,NA,NA,NA,2,NA,NA,NA,NA,NA,NA,NA,NA,NA,NA,NA,NA
"132","Joseph Creek Weir",2012,"Rainbow Trout","NPT JCEM Program",NA,NA,NA,NA,NA,4,NA,NA,NA,NA,NA,NA,NA,NA,NA,NA,NA,NA
"133","Joseph Creek Weir",2012,"Smallmouth Bass","NPT JCEM Program",NA,NA,NA,NA,NA,588,14,NA,NA,NA,NA,NA,NA,NA,13,1,0,14
"134","Joseph Creek Weir",2012,"Steelhead","NPT JCEM Program",1,NA,NA,NA,NA,632,95,NA,NA,NA,NA,NA,NA,NA,4,91,1,96
"135","Joseph Creek Weir",2013,"Bridge Lip Sucker","NPT JCEM Program",NA,NA,NA,NA,NA,9339,322,NA,NA,NA,NA,NA,NA,NA,52,270,0,322
"136","Joseph Creek Weir",2013,"Bullhead Sp.","NPT JCEM Program",NA,NA,NA,NA,NA,1,NA,NA,NA,NA,NA,NA,NA,NA,NA,NA,NA,NA
"137","Joseph Creek Weir",2013,"Chisel Mouth","NPT JCEM Program",NA,NA,NA,NA,NA,779,599,NA,NA,NA,NA,NA,NA,NA,3,596,0,599
"138","Joseph Creek Weir",2013,"Hybrid Sucker","NPT JCEM Program",NA,NA,NA,NA,NA,8,NA,NA,NA,NA,NA,NA,NA,NA,NA,NA,NA,NA
"139","Joseph Creek Weir",2013,"Largescale Sucker","NPT JCEM Program",NA,NA,NA,NA,NA,2948,19,NA,NA,NA,NA,NA,NA,NA,9,10,0,19
"140","Joseph Creek Weir",2013,"Mtn White Fish","NPT JCEM Program",NA,NA,NA,NA,NA,7,NA,NA,NA,NA,NA,NA,NA,NA,NA,NA,NA,NA
"141","Joseph Creek Weir",2013,"Northern Pike Minnow","NPT JCEM Program",NA,NA,NA,NA,NA,994,49,NA,NA,NA,NA,NA,NA,NA,1,48,0,49
"142","Joseph Creek Weir",2013,"Rainbow Trout","NPT JCEM Program",NA,NA,NA,NA,NA,6,NA,NA,NA,NA,NA,NA,NA,NA,NA,NA,NA,NA
"143","Joseph Creek Weir",2013,"Smallmouth Bass","NPT JCEM Program",NA,NA,NA,NA,NA,635,11,NA,NA,NA,NA,NA,NA,NA,8,3,0,11
"144","Joseph Creek Weir",2013,"Steelhead","NPT JCEM Program",9,NA,NA,NA,NA,2389,145,NA,NA,NA,NA,NA,NA,NA,0,145,9,154
"145","Joseph Creek Weir",2014,"Bridge Lip Sucker","NPT JCEM Program",NA,NA,NA,NA,NA,1,NA,NA,NA,NA,NA,NA,NA,NA,NA,NA,NA,NA
"146","Joseph Creek Weir",2014,"Largescale Sucker","NPT JCEM Program",NA,NA,NA,NA,NA,5,NA,NA,NA,NA,NA,NA,NA,NA,NA,NA,NA,NA
"147","Joseph Creek Weir",2014,"Rainbow Trout","NPT JCEM Program",NA,NA,NA,NA,NA,1,NA,NA,NA,NA,NA,NA,NA,NA,NA,NA,NA,NA
"148","Joseph Creek Weir",2014,"Steelhead","NPT JCEM Program",NA,NA,NA,NA,NA,147,3,NA,NA,NA,NA,NA,NA,NA,0,3,0,3
"149","Joseph Creek Weir",2015,"Bridge Lip Sucker","NPT JCEM Program",NA,NA,NA,NA,NA,1683,3,NA,NA,NA,NA,NA,NA,NA,3,0,0,3
"150","Joseph Creek Weir",2015,"Chisel Mouth","NPT JCEM Program",NA,NA,NA,NA,NA,111,NA,NA,NA,NA,NA,NA,NA,NA,NA,NA,NA,NA
"151","Joseph Creek Weir",2015,"Largescale Sucker","NPT JCEM Program",NA,NA,NA,NA,NA,279,NA,NA,NA,NA,NA,NA,NA,NA,NA,NA,NA,NA
"152","Joseph Creek Weir",2015,"Northern Pike Minnow","NPT JCEM Program",NA,NA,NA,NA,NA,265,NA,NA,NA,NA,NA,NA,NA,NA,NA,NA,NA,NA
"153","Joseph Creek Weir",2015,"Rainbow Trout","NPT JCEM Program",NA,NA,NA,NA,NA,1,NA,NA,NA,NA,NA,NA,NA,NA,NA,NA,NA,NA
"154","Joseph Creek Weir",2015,"Smallmouth Bass","NPT JCEM Program",NA,NA,NA,NA,NA,151,NA,NA,NA,NA,NA,NA,NA,NA,NA,NA,NA,NA
"155","Joseph Creek Weir",2015,"Steelhead","NPT JCEM Program",4,NA,NA,NA,NA,3056,126,NA,NA,NA,NA,NA,NA,NA,0,126,4,130
"156","Joseph Creek Weir",2016,"Bridge Lip Sucker","NPT JCEM Program",NA,NA,NA,NA,NA,4082,1,NA,NA,NA,NA,NA,NA,NA,1,0,0,1
"157","Joseph Creek Weir",2016,"Chisel Mouth","NPT JCEM Program",NA,NA,NA,NA,NA,184,NA,NA,NA,NA,NA,NA,NA,NA,NA,NA,NA,NA
"158","Joseph Creek Weir",2016,"Largescale Sucker","NPT JCEM Program",NA,NA,NA,NA,NA,1253,NA,NA,NA,NA,NA,NA,NA,NA,NA,NA,NA,NA
"159","Joseph Creek Weir",2016,"Mtn White Fish","NPT JCEM Program",NA,NA,NA,NA,NA,1,NA,NA,NA,NA,NA,NA,NA,NA,NA,NA,NA,NA
"160","Joseph Creek Weir",2016,"Northern Pike Minnow","NPT JCEM Program",NA,NA,NA,NA,NA,162,NA,NA,NA,NA,NA,NA,NA,NA,NA,NA,NA,NA
"161","Joseph Creek Weir",2016,"Rainbow Trout","NPT JCEM Program",NA,NA,NA,NA,NA,1,NA,NA,NA,NA,NA,NA,NA,NA,NA,NA,NA,NA
"162","Joseph Creek Weir",2016,"Smallmouth Bass","NPT JCEM Program",NA,NA,NA,NA,NA,120,NA,NA,NA,NA,NA,NA,NA,NA,NA,NA,NA,NA
"163","Joseph Creek Weir",2016,"Steelhead","NPT JCEM Program",5,NA,NA,NA,NA,1393,100,NA,NA,NA,NA,NA,NA,NA,1,99,5,105
"164","Lolo Creek Weir",2003,"Chinook","NPTH M&E Program",NA,NA,NA,NA,NA,100,NA,NA,NA,NA,NA,NA,NA,NA,NA,NA,NA,NA
"165","Lolo Creek Weir",2004,"Chinook","NPTH M&E Program",NA,NA,NA,NA,NA,38,NA,NA,NA,NA,NA,NA,NA,NA,NA,NA,NA,NA
"166","Lolo Creek Weir",2005,"Chinook","NPTH M&E Program",NA,NA,NA,NA,NA,26,2,NA,NA,NA,NA,NA,NA,NA,2,0,0,2
"167","Lolo Creek Weir",2006,"Chinook","NPTH M&E Program",NA,NA,NA,NA,NA,33,NA,NA,NA,NA,NA,NA,NA,NA,NA,NA,NA,NA
"168","Lolo Creek Weir",2007,"Chinook","NPTH M&E Program",NA,NA,NA,NA,NA,38,NA,NA,NA,NA,NA,NA,NA,NA,NA,NA,NA,NA
"169","Lolo Creek Weir",2008,"Chinook","NPTH M&E Program",NA,NA,NA,NA,NA,12,NA,NA,NA,NA,NA,NA,NA,NA,NA,NA,NA,NA
"170","Lolo Creek Weir",2009,"Chinook","NPTH M&E Program",NA,NA,2,NA,NA,23,NA,NA,NA,NA,NA,NA,NA,NA,0,0,2,2
"171","Lolo Creek Weir",2010,"Chinook","NPTH M&E Program",NA,NA,NA,NA,NA,24,1,NA,NA,NA,NA,NA,NA,NA,1,0,0,1
"172","Lolo Creek Weir",2011,"Chinook","NPTH M&E Program",NA,NA,21,NA,NA,34,NA,NA,NA,NA,NA,NA,NA,NA,0,0,21,21
"173","Lolo Creek Weir",2012,"Chinook","NPTH M&E Program",NA,NA,NA,NA,NA,3,NA,NA,NA,NA,NA,NA,NA,NA,NA,NA,NA,NA
"174","Lolo Creek Weir",2013,"Chinook","NPTH M&E Program",NA,NA,NA,NA,NA,41,NA,NA,NA,NA,NA,NA,NA,NA,NA,NA,NA,NA
"175","Lolo Creek Weir",2014,"Chinook","NPTH M&E Program",NA,NA,NA,NA,NA,30,NA,NA,NA,NA,NA,NA,NA,NA,NA,NA,NA,NA
"176","Lolo Creek Weir",2015,"Chinook","NPTH M&E Program",NA,NA,NA,NA,NA,173,NA,2,NA,NA,NA,NA,NA,NA,NA,NA,NA,NA
"177","Lolo Creek Weir",2016,"Chinook","NPTH M&E Program",NA,NA,NA,NA,NA,24,NA,NA,NA,NA,NA,NA,NA,NA,NA,NA,NA,NA
"178","Lolo Creek Weir",2017,"Chinook","NPTH M&E Program",NA,NA,NA,NA,NA,10,NA,NA,NA,NA,NA,NA,NA,NA,NA,NA,NA,NA
"179","Lostine River Weir",1997,"Chinook","Lookingglass Fish Hatchery",NA,NA,NA,NA,NA,NA,NA,NA,NA,NA,NA,NA,NA,9,NA,NA,NA,NA
"180","Lostine River Weir",1997,"Chinook","NPT GRSME Program",NA,NA,NA,NA,NA,18,NA,NA,NA,NA,NA,NA,NA,NA,NA,NA,NA,NA
"181","Lostine River Weir",1998,"Bull Trout","NPT GRSME Program",NA,NA,NA,NA,NA,5,NA,NA,NA,NA,NA,NA,NA,NA,NA,NA,NA,NA
"182","Lostine River Weir",1998,"Chinook","Lookingglass Fish Hatchery",NA,NA,NA,NA,NA,NA,NA,NA,NA,NA,NA,NA,NA,2,NA,NA,NA,NA
"183","Lostine River Weir",1998,"Chinook","NPT GRSME Program",NA,NA,NA,NA,NA,21,NA,NA,NA,NA,NA,NA,NA,NA,1,0,0,1
"184","Lostine River Weir",1998,"Mtn White Fish","NPT GRSME Program",NA,NA,NA,NA,NA,14,NA,NA,NA,NA,NA,NA,NA,NA,NA,NA,NA,NA
"185","Lostine River Weir",1998,"Rainbow Trout","NPT GRSME Program",NA,NA,NA,NA,NA,6,NA,NA,NA,NA,NA,NA,NA,NA,NA,NA,NA,NA
"186","Lostine River Weir",1999,"Bull Trout","NPT GRSME Program",NA,NA,NA,NA,NA,8,NA,NA,NA,NA,NA,NA,NA,NA,NA,NA,NA,NA
"187","Lostine River Weir",1999,"Chinook","Lookingglass Fish Hatchery",NA,NA,NA,NA,NA,NA,NA,NA,NA,NA,NA,NA,NA,2,NA,NA,NA,NA
"188","Lostine River Weir",1999,"Chinook","NPT GRSME Program",NA,NA,1,NA,NA,11,NA,NA,NA,NA,NA,NA,NA,NA,0,0,1,1
"189","Lostine River Weir",1999,"Mtn White Fish","NPT GRSME Program",NA,NA,NA,NA,NA,1,NA,NA,NA,NA,NA,NA,NA,NA,NA,NA,NA,NA
"190","Lostine River Weir",1999,"Steelhead","NPT GRSME Program",NA,NA,NA,NA,NA,1,NA,NA,NA,NA,NA,NA,NA,NA,NA,NA,NA,NA
"191","Lostine River Weir",2000,"Bull Trout","NPT GRSME Program",NA,NA,NA,NA,NA,12,NA,NA,NA,NA,NA,NA,NA,NA,NA,NA,NA,NA
"192","Lostine River Weir",2000,"Chinook","Lookingglass Fish Hatchery",NA,NA,NA,NA,NA,NA,NA,NA,NA,NA,NA,NA,NA,33,NA,NA,NA,NA
"193","Lostine River Weir",2000,"Chinook","NPT GRSME Program",NA,NA,NA,NA,NA,58,NA,NA,NA,NA,NA,NA,NA,NA,NA,NA,NA,NA
"194","Lostine River Weir",2000,"Mtn White Fish","NPT GRSME Program",NA,NA,NA,NA,NA,1,NA,NA,NA,NA,NA,NA,NA,NA,NA,NA,NA,NA
"195","Lostine River Weir",2000,"Steelhead","NPT GRSME Program",NA,NA,NA,NA,NA,1,NA,NA,NA,NA,NA,NA,NA,NA,NA,NA,NA,NA
"196","Lostine River Weir",2001,"Bull Trout","NPT GRSME Program",NA,NA,NA,NA,NA,95,NA,NA,NA,NA,NA,NA,NA,NA,NA,NA,NA,NA
"197","Lostine River Weir",2001,"Chinook","Lookingglass Fish Hatchery",NA,NA,NA,NA,NA,NA,NA,NA,NA,NA,NA,NA,NA,79,NA,NA,NA,NA
"198","Lostine River Weir",2001,"Chinook","NPT GRSME Program",NA,NA,NA,NA,NA,361,NA,NA,NA,NA,NA,NA,NA,NA,8,0,0,8
"199","Lostine River Weir",2001,"Mtn White Fish","NPT GRSME Program",NA,NA,NA,NA,NA,103,NA,NA,NA,NA,NA,NA,NA,NA,NA,NA,NA,NA
"200","Lostine River Weir",2001,"Rainbow Trout","NPT GRSME Program",NA,NA,NA,NA,NA,11,NA,NA,NA,NA,NA,NA,NA,NA,NA,NA,NA,NA
"201","Lostine River Weir",2001,"Steelhead","NPT GRSME Program",NA,NA,NA,NA,NA,68,NA,NA,NA,NA,NA,NA,NA,NA,NA,NA,NA,NA
"202","Lostine River Weir",2002,"Bull Trout","NPT GRSME Program",NA,NA,NA,NA,NA,55,NA,NA,NA,NA,NA,NA,NA,NA,NA,NA,NA,NA
"203","Lostine River Weir",2002,"Chinook","Lookingglass Fish Hatchery",NA,NA,NA,NA,NA,NA,NA,NA,NA,NA,NA,NA,NA,58,NA,NA,NA,NA
"204","Lostine River Weir",2002,"Chinook","NPT GRSME Program",NA,NA,NA,NA,NA,472,NA,NA,NA,NA,NA,NA,NA,NA,1,0,0,1
"205","Lostine River Weir",2002,"Mtn White Fish","NPT GRSME Program",NA,NA,NA,NA,NA,16,NA,NA,NA,NA,NA,NA,NA,NA,NA,NA,NA,NA
"206","Lostine River Weir",2002,"Rainbow Trout","NPT GRSME Program",NA,NA,NA,NA,NA,4,NA,NA,NA,NA,NA,NA,NA,NA,NA,NA,NA,NA
"207","Lostine River Weir",2002,"Steelhead","NPT GRSME Program",NA,NA,NA,NA,NA,148,NA,NA,NA,NA,NA,NA,NA,NA,NA,NA,NA,NA
"208","Lostine River Weir",2003,"Bull Trout","NPT GRSME Program",NA,NA,NA,NA,NA,14,NA,NA,NA,NA,NA,NA,NA,NA,NA,NA,NA,NA
"209","Lostine River Weir",2003,"Chinook","Lookingglass Fish Hatchery",NA,NA,NA,NA,NA,NA,NA,NA,NA,NA,NA,NA,NA,45,NA,NA,NA,NA
"210","Lostine River Weir",2003,"Chinook","NPT GRSME Program",NA,NA,NA,NA,NA,367,NA,NA,NA,NA,NA,NA,NA,NA,NA,NA,NA,NA
"211","Lostine River Weir",2003,"Mtn White Fish","NPT GRSME Program",NA,NA,NA,NA,NA,16,3,NA,NA,NA,NA,NA,NA,NA,3,0,0,3
"212","Lostine River Weir",2003,"Rainbow Trout","NPT GRSME Program",NA,NA,NA,NA,NA,6,2,NA,NA,NA,NA,NA,NA,NA,2,0,0,2
"213","Lostine River Weir",2003,"Steelhead","NPT GRSME Program",NA,NA,NA,NA,NA,94,NA,NA,NA,NA,NA,NA,NA,NA,NA,NA,NA,NA
"214","Lostine River Weir",2004,"Brook Trout","NPT GRSME Program",NA,NA,NA,NA,NA,3,NA,NA,NA,NA,NA,NA,NA,NA,NA,NA,NA,NA
"215","Lostine River Weir",2004,"Bull Trout","NPT GRSME Program",NA,NA,NA,NA,NA,76,NA,NA,NA,NA,NA,NA,NA,NA,NA,NA,NA,NA
"216","Lostine River Weir",2004,"Chinook","Lookingglass Fish Hatchery",NA,NA,NA,NA,NA,NA,NA,NA,NA,NA,NA,NA,NA,108,NA,NA,NA,NA
"217","Lostine River Weir",2004,"Chinook","NPT GRSME Program",NA,NA,NA,NA,NA,906,NA,NA,NA,NA,NA,NA,NA,NA,NA,NA,NA,NA
"218","Lostine River Weir",2004,"Mtn White Fish","NPT GRSME Program",NA,NA,NA,NA,NA,63,5,NA,NA,NA,NA,NA,NA,NA,5,0,0,5
"219","Lostine River Weir",2004,"Northern Pike Minnow","NPT GRSME Program",NA,NA,NA,NA,NA,1,NA,NA,NA,NA,NA,NA,NA,NA,NA,NA,NA,NA
"220","Lostine River Weir",2004,"Rainbow Trout","NPT GRSME Program",NA,NA,NA,NA,NA,18,1,NA,NA,NA,NA,NA,NA,NA,1,0,0,1
"221","Lostine River Weir",2004,"Steelhead","NPT GRSME Program",NA,NA,NA,NA,NA,114,NA,NA,NA,NA,NA,NA,NA,NA,NA,NA,NA,NA
"222","Lostine River Weir",2005,"Bull Trout","NPT GRSME Program",NA,NA,NA,NA,NA,72,NA,NA,NA,NA,NA,NA,NA,NA,NA,NA,NA,NA
"223","Lostine River Weir",2005,"Chinook","Lookingglass Fish Hatchery",NA,NA,NA,NA,NA,NA,NA,NA,NA,NA,NA,NA,NA,104,NA,NA,NA,NA
"224","Lostine River Weir",2005,"Chinook","NPT GRSME Program",NA,NA,NA,NA,NA,684,NA,NA,NA,NA,NA,NA,26,NA,NA,NA,NA,NA
"225","Lostine River Weir",2005,"Mtn White Fish","NPT GRSME Program",NA,NA,NA,NA,NA,56,1,NA,NA,NA,NA,NA,NA,NA,1,0,0,1
"226","Lostine River Weir",2005,"Rainbow Trout","NPT GRSME Program",NA,NA,NA,NA,NA,2,NA,NA,NA,NA,NA,NA,NA,NA,NA,NA,NA,NA
"227","Lostine River Weir",2005,"Steelhead","NPT GRSME Program",NA,NA,NA,NA,NA,46,NA,NA,NA,NA,NA,NA,NA,NA,NA,NA,NA,NA
"228","Lostine River Weir",2005,"Sucker","NPT GRSME Program",NA,NA,NA,NA,NA,34,NA,NA,NA,NA,NA,NA,NA,NA,NA,NA,NA,NA
"229","Lostine River Weir",2006,"Bull Trout","NPT GRSME Program",NA,NA,NA,NA,NA,78,NA,NA,NA,NA,NA,NA,NA,NA,NA,NA,NA,NA
"230","Lostine River Weir",2006,"Chinook","Lookingglass Fish Hatchery",NA,NA,NA,NA,NA,NA,NA,NA,NA,NA,NA,NA,NA,137,NA,NA,NA,NA
"231","Lostine River Weir",2006,"Chinook","NPT GRSME Program",NA,NA,NA,NA,NA,360,NA,NA,NA,NA,NA,NA,1,NA,2,0,0,2
"232","Lostine River Weir",2006,"Mtn White Fish","NPT GRSME Program",NA,NA,NA,NA,NA,46,NA,NA,NA,NA,NA,NA,NA,NA,NA,NA,NA,NA
"233","Lostine River Weir",2006,"Rainbow Trout","NPT GRSME Program",NA,NA,NA,NA,NA,2,NA,NA,NA,NA,NA,NA,NA,NA,NA,NA,NA,NA
"234","Lostine River Weir",2006,"Steelhead","NPT GRSME Program",NA,NA,NA,NA,NA,16,NA,NA,NA,NA,NA,NA,NA,NA,NA,NA,NA,NA
"235","Lostine River Weir",2006,"Sucker","NPT GRSME Program",NA,NA,NA,NA,NA,19,NA,NA,NA,NA,NA,NA,NA,NA,NA,NA,NA,NA
"236","Lostine River Weir",2007,"Bull Trout","NPT GRSME Program",NA,NA,NA,NA,NA,63,NA,NA,NA,NA,NA,NA,NA,NA,NA,NA,NA,NA
"237","Lostine River Weir",2007,"Chinook","Lookingglass Fish Hatchery",NA,NA,NA,NA,NA,NA,NA,NA,NA,NA,NA,NA,NA,122,NA,NA,NA,NA
"238","Lostine River Weir",2007,"Chinook","NPT GRSME Program",NA,NA,92,NA,NA,373,NA,NA,NA,NA,NA,NA,1,NA,4,0,92,96
"239","Lostine River Weir",2007,"Mtn White Fish","NPT GRSME Program",NA,NA,NA,NA,NA,45,NA,NA,NA,NA,NA,NA,NA,NA,NA,NA,NA,NA
"240","Lostine River Weir",2007,"Rainbow Trout","NPT GRSME Program",NA,NA,NA,NA,NA,1,NA,NA,NA,NA,NA,NA,NA,NA,NA,NA,NA,NA
"241","Lostine River Weir",2007,"Steelhead","NPT GRSME Program",NA,NA,NA,NA,NA,47,NA,NA,NA,NA,NA,NA,NA,NA,NA,NA,NA,NA
"242","Lostine River Weir",2007,"Sucker","NPT GRSME Program",NA,NA,NA,NA,NA,5,NA,NA,NA,NA,NA,NA,NA,NA,NA,NA,NA,NA
"243","Lostine River Weir",2008,"Bull Trout","NPT GRSME Program",NA,NA,NA,NA,NA,34,NA,NA,NA,NA,NA,NA,NA,NA,NA,NA,NA,NA
"244","Lostine River Weir",2008,"Chinook","Lookingglass Fish Hatchery",NA,NA,NA,NA,NA,NA,NA,NA,NA,NA,NA,NA,NA,118,NA,NA,NA,NA
"245","Lostine River Weir",2008,"Chinook","NPT GRSME Program",NA,NA,22,NA,NA,811,NA,NA,NA,NA,NA,NA,NA,NA,1,0,22,23
"246","Lostine River Weir",2008,"Mtn White Fish","NPT GRSME Program",NA,NA,NA,NA,NA,47,NA,NA,NA,NA,NA,NA,NA,NA,NA,NA,NA,NA
"247","Lostine River Weir",2008,"Northern Pike Minnow","NPT GRSME Program",NA,NA,NA,NA,NA,1,NA,NA,NA,NA,NA,NA,NA,NA,NA,NA,NA,NA
"248","Lostine River Weir",2008,"Rainbow Trout","NPT GRSME Program",NA,NA,NA,NA,NA,4,NA,NA,NA,NA,NA,NA,NA,NA,NA,NA,NA,NA
"249","Lostine River Weir",2008,"Steelhead","NPT GRSME Program",NA,NA,NA,NA,NA,23,NA,NA,NA,NA,NA,NA,NA,NA,NA,NA,NA,NA
"250","Lostine River Weir",2008,"Sucker","NPT GRSME Program",NA,NA,NA,NA,NA,1,NA,NA,NA,NA,NA,NA,NA,NA,NA,NA,NA,NA
"251","Lostine River Weir",2009,"Bull Trout","NPT GRSME Program",NA,NA,NA,NA,NA,14,NA,NA,NA,NA,NA,NA,NA,NA,NA,NA,NA,NA
"252","Lostine River Weir",2009,"Chinook","Lookingglass Fish Hatchery",NA,NA,NA,NA,NA,NA,NA,NA,NA,NA,NA,NA,NA,120,NA,NA,NA,NA
"253","Lostine River Weir",2009,"Chinook","NPT GRSME Program",NA,NA,23,NA,NA,706,NA,NA,NA,NA,NA,NA,NA,NA,8,0,23,31
"254","Lostine River Weir",2009,"Chinook","Wallowa Fish Hatchery",NA,NA,NA,NA,NA,NA,NA,NA,NA,NA,NA,NA,NA,1583,NA,NA,NA,NA
"255","Lostine River Weir",2009,"Mtn White Fish","NPT GRSME Program",NA,NA,NA,NA,NA,10,2,NA,NA,NA,NA,NA,NA,NA,2,0,0,2
"256","Lostine River Weir",2009,"Rainbow Trout","NPT GRSME Program",NA,NA,NA,NA,NA,NA,1,NA,NA,NA,NA,NA,NA,NA,1,0,0,1
"257","Lostine River Weir",2009,"Steelhead","NPT GRSME Program",NA,NA,NA,NA,NA,2,NA,NA,NA,NA,NA,NA,NA,NA,NA,NA,NA,NA
"258","Lostine River Weir",2010,"Bull Trout","NPT GRSME Program",NA,NA,NA,NA,NA,3,NA,NA,NA,NA,NA,NA,NA,NA,NA,NA,NA,NA
"259","Lostine River Weir",2010,"Chinook","Lookingglass Fish Hatchery",NA,NA,NA,NA,NA,NA,NA,NA,NA,NA,NA,NA,NA,151,NA,NA,NA,NA
"260","Lostine River Weir",2010,"Chinook","NPT GRSME Program",NA,NA,2,273,NA,132,NA,NA,NA,NA,NA,NA,NA,NA,0,0,2,2
"261","Lostine River Weir",2010,"Mtn White Fish","NPT GRSME Program",NA,NA,NA,NA,NA,11,NA,NA,NA,NA,NA,NA,NA,NA,NA,NA,NA,NA
"262","Lostine River Weir",2010,"Rainbow Trout","NPT GRSME Program",NA,NA,NA,NA,NA,3,NA,NA,NA,NA,NA,NA,NA,NA,NA,NA,NA,NA
"263","Lostine River Weir",2010,"Steelhead","NPT GRSME Program",NA,NA,NA,NA,NA,2,NA,NA,NA,NA,NA,NA,NA,NA,NA,NA,NA,NA
"264","Lostine River Weir",2011,"Bull Trout","NPT GRSME Program",NA,NA,NA,NA,NA,19,NA,NA,NA,NA,NA,NA,NA,NA,NA,NA,NA,NA
"265","Lostine River Weir",2011,"Chinook","Lookingglass Fish Hatchery",NA,NA,NA,NA,NA,NA,NA,NA,NA,NA,NA,NA,NA,144,NA,NA,NA,NA
"266","Lostine River Weir",2011,"Chinook","NPT GRSME Program",NA,NA,11,197,NA,153,NA,NA,NA,NA,NA,NA,NA,NA,0,0,11,11
"267","Lostine River Weir",2011,"Mtn White Fish","NPT GRSME Program",NA,NA,NA,NA,NA,2,NA,NA,NA,NA,NA,NA,NA,NA,NA,NA,NA,NA
"268","Lostine River Weir",2011,"Rainbow Trout","NPT GRSME Program",NA,NA,NA,NA,NA,1,NA,NA,NA,NA,NA,NA,NA,NA,NA,NA,NA,NA
"269","Lostine River Weir",2011,"Steelhead","NPT GRSME Program",NA,NA,NA,NA,NA,245,NA,NA,NA,NA,NA,NA,NA,NA,NA,NA,NA,NA
"270","Lostine River Weir",2011,"Sucker","NPT GRSME Program",NA,NA,NA,NA,NA,7,NA,NA,NA,NA,NA,NA,NA,NA,NA,NA,NA,NA
"271","Lostine River Weir",2012,"Bull Trout","NPT GRSME Program",NA,NA,NA,NA,NA,23,NA,NA,NA,NA,NA,NA,NA,NA,NA,NA,NA,NA
"272","Lostine River Weir",2012,"Chinook","Lookingglass Fish Hatchery",NA,NA,NA,NA,NA,NA,NA,NA,NA,NA,NA,NA,NA,142,NA,NA,NA,NA
"273","Lostine River Weir",2012,"Chinook","NPT GRSME Program",NA,NA,NA,NA,NA,971,1,NA,NA,NA,NA,NA,NA,NA,0,0,1,1
"274","Lostine River Weir",2012,"Chinook","Wallowa Fish Hatchery",NA,NA,182,NA,NA,NA,NA,NA,NA,NA,NA,NA,NA,NA,0,0,182,182
"275","Lostine River Weir",2012,"Mtn White Fish","NPT GRSME Program",NA,NA,NA,NA,NA,13,NA,NA,NA,NA,NA,NA,NA,NA,NA,NA,NA,NA
"276","Lostine River Weir",2012,"Steelhead","NPT GRSME Program",NA,NA,NA,NA,NA,103,NA,NA,NA,NA,NA,NA,NA,NA,NA,NA,NA,NA
"277","Lostine River Weir",2013,"Bull Trout","NPT GRSME Program",NA,NA,NA,NA,NA,37,NA,NA,NA,NA,NA,NA,NA,NA,NA,NA,NA,NA
"278","Lostine River Weir",2013,"Chinook","Lookingglass Fish Hatchery",NA,NA,NA,NA,NA,NA,NA,NA,NA,NA,NA,NA,NA,145,NA,NA,NA,NA
"279","Lostine River Weir",2013,"Chinook","NPT GRSME Program",NA,NA,1,NA,NA,241,NA,NA,NA,NA,NA,NA,NA,NA,0,0,1,1
"280","Lostine River Weir",2013,"Chinook","Wallowa Fish Hatchery",NA,NA,417,NA,NA,NA,NA,NA,NA,NA,NA,NA,NA,NA,0,0,417,417
"281","Lostine River Weir",2013,"Mtn White Fish","NPT GRSME Program",NA,NA,NA,NA,NA,6,NA,NA,NA,NA,NA,NA,NA,NA,NA,NA,NA,NA
"282","Lostine River Weir",2013,"Rainbow Trout","NPT GRSME Program",NA,NA,NA,NA,NA,1,NA,NA,NA,NA,NA,NA,NA,NA,NA,NA,NA,NA
"283","Lostine River Weir",2013,"Steelhead","NPT GRSME Program",NA,NA,NA,NA,NA,90,NA,NA,NA,NA,NA,NA,NA,NA,NA,NA,NA,NA
"284","Lostine River Weir",2013,"Sucker","NPT GRSME Program",NA,NA,NA,NA,NA,9,NA,NA,NA,NA,NA,NA,NA,NA,NA,NA,NA,NA
"285","Lostine River Weir",2014,"Bull Trout","NPT GRSME Program",NA,NA,NA,NA,NA,16,NA,NA,NA,NA,NA,NA,NA,NA,NA,NA,NA,NA
"286","Lostine River Weir",2014,"Chinook","Lookingglass Fish Hatchery",NA,NA,NA,NA,NA,NA,NA,NA,NA,NA,NA,NA,NA,165,NA,NA,NA,NA
"287","Lostine River Weir",2014,"Chinook","NPT GRSME Program",NA,NA,1,279,NA,1514,NA,NA,NA,NA,NA,NA,NA,NA,0,0,1,1
"288","Lostine River Weir",2014,"Mtn White Fish","NPT GRSME Program",NA,NA,NA,NA,NA,34,NA,NA,NA,NA,NA,NA,NA,NA,NA,NA,NA,NA
"289","Lostine River Weir",2014,"Steelhead","NPT GRSME Program",NA,NA,NA,NA,NA,71,NA,NA,NA,NA,NA,NA,NA,NA,NA,NA,NA,NA
"290","Lostine River Weir",2015,"Bull Trout","NPT GRSME Program",NA,NA,NA,NA,NA,41,NA,NA,NA,NA,NA,NA,NA,NA,NA,NA,NA,NA
"291","Lostine River Weir",2015,"Chinook","Lookingglass Fish Hatchery",NA,NA,NA,NA,NA,NA,NA,NA,NA,NA,NA,NA,NA,177,NA,NA,NA,NA
"292","Lostine River Weir",2015,"Chinook","NPT GRSME Program",NA,NA,1,221,NA,658,NA,NA,NA,NA,NA,NA,NA,NA,0,0,1,1
"293","Lostine River Weir",2015,"Mtn White Fish","NPT GRSME Program",NA,NA,NA,NA,NA,38,NA,NA,NA,NA,NA,NA,NA,NA,NA,NA,NA,NA
"294","Lostine River Weir",2015,"Steelhead","NPT GRSME Program",NA,NA,NA,NA,NA,50,NA,NA,NA,NA,NA,NA,NA,NA,NA,NA,NA,NA
"295","Lostine River Weir",2015,"Sucker","NPT GRSME Program",NA,NA,NA,NA,NA,79,NA,NA,NA,NA,NA,NA,NA,NA,NA,NA,NA,NA
"296","Lostine River Weir",2016,"Bull Trout","NPT GRSME Program",NA,NA,NA,NA,NA,35,NA,NA,NA,NA,NA,NA,NA,NA,NA,NA,NA,NA
"297","Lostine River Weir",2016,"Chinook","Lookingglass Fish Hatchery",NA,NA,NA,NA,NA,NA,NA,NA,NA,NA,NA,NA,NA,172,NA,NA,NA,NA
"298","Lostine River Weir",2016,"Chinook","NPT GRSME Program",NA,NA,1,120,NA,1032,NA,NA,NA,NA,NA,NA,NA,NA,0,0,1,1
"299","Lostine River Weir",2016,"Mtn White Fish","NPT GRSME Program",NA,NA,NA,NA,NA,14,NA,NA,NA,NA,NA,NA,NA,NA,NA,NA,NA,NA
"300","Lostine River Weir",2016,"Steelhead","NPT GRSME Program",NA,NA,NA,NA,NA,61,NA,NA,NA,NA,NA,NA,NA,NA,NA,NA,NA,NA
"301","Lostine River Weir",2016,"Sucker","NPT GRSME Program",NA,NA,NA,NA,NA,9,NA,NA,NA,NA,NA,NA,NA,NA,NA,NA,NA,NA
"302","Lostine River Weir",2017,"Bull Trout","NPT GRSME Program",NA,NA,NA,NA,NA,68,NA,NA,NA,NA,NA,NA,NA,NA,NA,NA,NA,NA
"303","Lostine River Weir",2017,"Chinook","Lookingglass Fish Hatchery",NA,NA,NA,NA,NA,NA,NA,NA,NA,NA,NA,NA,NA,154,NA,NA,NA,NA
"304","Lostine River Weir",2017,"Chinook","NPT GRSME Program",NA,NA,54,NA,NA,449,1,1,92,NA,NA,NA,NA,NA,2,0,54,56
"305","Lostine River Weir",2017,"Mtn White Fish","NPT GRSME Program",NA,NA,NA,NA,NA,23,NA,NA,NA,NA,NA,NA,NA,NA,NA,NA,NA,NA
"306","Lostine River Weir",2017,"Rainbow Trout","NPT GRSME Program",NA,NA,NA,NA,NA,1,NA,NA,NA,NA,NA,NA,NA,NA,NA,NA,NA,NA
"307","Lostine River Weir",2017,"Steelhead","NPT GRSME Program",NA,NA,NA,NA,NA,99,NA,NA,NA,NA,NA,NA,NA,NA,NA,NA,NA,NA
"308","Lostine River Weir",2017,"Sucker","NPT GRSME Program",NA,NA,NA,NA,NA,7,NA,NA,NA,NA,NA,NA,NA,NA,NA,NA,NA,NA
"309","Lower Granite Dam Trap",2015,"Chinook","NPT Hatchery",NA,865,NA,NA,NA,NA,NA,NA,NA,NA,NA,NA,NA,NA,NA,NA,NA,NA
"310","Lower Granite Dam Trap",2016,"Chinook","NPT Hatchery",NA,10,NA,NA,NA,NA,NA,NA,NA,NA,NA,NA,NA,NA,NA,NA,NA,NA
"311","Lower Granite Dam Trap",2017,"Chinook","NPT Hatchery",NA,976,NA,NA,NA,NA,NA,NA,NA,NA,NA,NA,NA,NA,NA,NA,NA,NA
"312","Newsome Creek Weir",2002,"Chinook","NPTH M&E Program",NA,NA,NA,NA,NA,220,NA,NA,NA,NA,NA,NA,NA,NA,NA,NA,NA,NA
"313","Newsome Creek Weir",2003,"Chinook","NPTH M&E Program",NA,NA,NA,NA,NA,352,1,NA,NA,NA,NA,NA,NA,NA,1,0,0,1
"314","Newsome Creek Weir",2004,"Chinook","NPTH M&E Program",NA,NA,NA,NA,NA,164,1,NA,NA,NA,NA,NA,NA,NA,1,0,0,1
"315","Newsome Creek Weir",2005,"Chinook","NPTH M&E Program",NA,NA,NA,NA,NA,66,NA,NA,NA,NA,NA,NA,NA,NA,NA,NA,NA,NA
"316","Newsome Creek Weir",2006,"Chinook","NPTH M&E Program",NA,NA,NA,NA,NA,86,NA,NA,NA,NA,NA,NA,NA,NA,NA,NA,NA,NA
"317","Newsome Creek Weir",2007,"Chinook","NPTH M&E Program",NA,NA,NA,NA,NA,52,NA,NA,NA,NA,NA,NA,NA,NA,NA,NA,NA,NA
"318","Newsome Creek Weir",2008,"Chinook","NPTH M&E Program",NA,NA,NA,NA,NA,122,1,NA,NA,NA,NA,NA,NA,NA,1,0,0,1
"319","Newsome Creek Weir",2009,"Chinook","NPTH M&E Program",NA,NA,3,NA,NA,86,NA,NA,NA,NA,NA,NA,NA,NA,0,0,3,3
"320","Newsome Creek Weir",2010,"Chinook","NPTH M&E Program",NA,NA,NA,NA,NA,175,NA,NA,NA,NA,NA,NA,NA,NA,NA,NA,NA,NA
"321","Newsome Creek Weir",2011,"Chinook","NPTH M&E Program",NA,NA,1,NA,NA,107,NA,NA,NA,NA,NA,NA,NA,NA,0,0,1,1
"322","Newsome Creek Weir",2012,"Chinook","NPTH M&E Program",NA,NA,NA,NA,NA,133,NA,NA,NA,NA,NA,NA,NA,NA,NA,NA,NA,NA
"323","Newsome Creek Weir",2013,"Chinook","NPTH M&E Program",NA,NA,NA,NA,NA,73,NA,NA,NA,NA,NA,NA,NA,NA,NA,NA,NA,NA
"324","Newsome Creek Weir",2014,"Chinook","NPTH M&E Program",NA,NA,NA,NA,NA,52,NA,NA,NA,NA,NA,NA,NA,NA,NA,NA,NA,NA
"325","Newsome Creek Weir",2015,"Chinook","NPTH M&E Program",NA,NA,NA,NA,NA,53,NA,NA,NA,NA,NA,NA,NA,NA,NA,NA,NA,NA
"326","Newsome Creek Weir",2016,"Chinook","NPTH M&E Program",NA,NA,NA,NA,NA,38,NA,NA,NA,NA,NA,NA,NA,NA,NA,NA,NA,NA
"327","Newsome Creek Weir",2017,"Chinook","NPT Hatchery",NA,NA,NA,NA,NA,NA,NA,NA,NA,NA,NA,NA,NA,4,NA,NA,NA,NA
"328","Newsome Creek Weir",2017,"Chinook","NPTH M&E Program",NA,NA,NA,NA,NA,14,NA,NA,NA,NA,NA,NA,NA,NA,NA,NA,NA,NA
"329","NPT Hatchery Trap",2013,"Chinook","NPT Hatchery",NA,336,NA,NA,NA,1644,NA,NA,NA,NA,NA,NA,NA,NA,NA,NA,NA,NA
"330","NPT Hatchery Trap",2013,"Coho","NPT Hatchery",NA,NA,NA,NA,NA,5,1,NA,NA,NA,NA,NA,NA,NA,1,0,0,1
"331","NPT Hatchery Trap",2014,"Chinook","NPT Hatchery",NA,441,NA,1,121,54,3,NA,NA,NA,NA,NA,NA,NA,3,0,0,3
"332","NPT Hatchery Trap",2014,"Steelhead","NPT Hatchery",NA,NA,NA,NA,NA,24,3,NA,NA,NA,NA,NA,NA,NA,1,2,0,3
"333","NPT Hatchery Trap",2015,"Chinook","NPT Hatchery",NA,538,NA,NA,NA,1897,NA,NA,NA,NA,NA,NA,NA,NA,NA,NA,NA,NA
"334","NPT Hatchery Trap",2015,"Steelhead","NPT Hatchery",NA,NA,NA,NA,NA,7,NA,NA,NA,NA,NA,NA,NA,NA,NA,NA,NA,NA
"335","NPT Hatchery Trap",2016,"Chinook","NPT Hatchery",NA,723,NA,NA,NA,93,7,NA,NA,NA,NA,NA,NA,NA,7,0,0,7
"336","NPT Hatchery Trap",2017,"Bull Trout","NPT Hatchery",NA,NA,NA,NA,NA,1,NA,NA,NA,NA,NA,NA,NA,NA,NA,NA,NA,NA
"337","NPT Hatchery Trap",2017,"Chinook","NPT Hatchery",NA,180,NA,NA,64,23,1,NA,NA,NA,NA,NA,NA,NA,1,0,0,1
"338","Upper Lolo Weir",2003,"Chinook","NPTH M&E Program",NA,NA,NA,NA,NA,30,NA,NA,NA,NA,NA,NA,NA,NA,NA,NA,NA,NA
"339","Upper Lolo Weir",2004,"Chinook","NPTH M&E Program",NA,NA,NA,NA,NA,220,2,NA,NA,NA,NA,NA,NA,NA,2,0,0,2
"340","Upper Lolo Weir",2005,"Chinook","NPTH M&E Program",NA,NA,NA,NA,NA,37,NA,NA,NA,NA,NA,NA,NA,NA,NA,NA,NA,NA
"341","Upper Lolo Weir",2006,"Chinook","NPTH M&E Program",NA,NA,NA,NA,NA,95,NA,NA,NA,NA,NA,NA,NA,NA,NA,NA,NA,NA
"342","Upper Lolo Weir",2007,"Chinook","NPTH M&E Program",NA,NA,NA,NA,NA,24,NA,NA,NA,NA,NA,NA,NA,NA,NA,NA,NA,NA
"343","Upper Lolo Weir",2008,"Chinook","NPTH M&E Program",NA,NA,NA,NA,NA,73,NA,NA,NA,NA,NA,NA,NA,NA,NA,NA,NA,NA
"344","Upper Lolo Weir",2009,"Chinook","NPTH M&E Program",NA,NA,2,NA,NA,62,NA,NA,NA,NA,NA,NA,NA,NA,0,0,2,2
"345","Upper Lolo Weir",2010,"Chinook","NPTH M&E Program",NA,NA,NA,NA,NA,29,NA,NA,NA,NA,NA,NA,NA,NA,NA,NA,NA,NA
"346","Upper Lolo Weir",2011,"Chinook","NPTH M&E Program",NA,NA,9,NA,NA,85,NA,NA,NA,NA,NA,NA,NA,NA,0,0,9,9
